{
	"credit": "Made with Blockbench",
	"texture_size": [32, 32],
	"textures": {
		"0": "tod:item/ship_computer_left",
		"particle": "tod:item/ship_computer_left"
	},
	"elements": [
		{
			"from": [0, 4, 8],
			"to": [15, 12, 9],
			"rotation": {"angle": 0, "axis": "y", "origin": [8, 5, 8.5]},
			"faces": {
				"north": {"uv": [0, 0, 7.5, 4], "texture": "#0"},
				"east": {"uv": [7.5, 5, 8, 9], "texture": "#0"},
				"south": {"uv": [0, 4, 7.5, 8], "texture": "#0"},
				"west": {"uv": [0, 8, 0.5, 12], "texture": "#0"},
				"up": {"uv": [15, 0.5, 7.5, 0], "texture": "#0"},
				"down": {"uv": [15, 0.5, 7.5, 1], "texture": "#0"}
			}
		},
		{
			"from": [0, 3, 8],
			"to": [15, 4, 9],
			"rotation": {"angle": 0, "axis": "y", "origin": [8, 5, 8.5]},
			"faces": {
				"north": {"uv": [7.5, 1, 15, 1.5], "texture": "#0"},
				"east": {"uv": [3.5, 8, 4, 8.5], "texture": "#0"},
				"south": {"uv": [7.5, 1.5, 15, 2], "texture": "#0"},
				"west": {"uv": [4, 8, 4.5, 8.5], "texture": "#0"},
				"up": {"uv": [15, 2.5, 7.5, 2], "texture": "#0"},
				"down": {"uv": [15, 2.5, 7.5, 3], "texture": "#0"}
			}
		},
		{
			"from": [0, 12, 8],
			"to": [15, 13, 9],
			"rotation": {"angle": 0, "axis": "y", "origin": [8, 5, 8.5]},
			"faces": {
				"north": {"uv": [7.5, 3, 15, 3.5], "texture": "#0"},
				"east": {"uv": [4.5, 8, 5, 8.5], "texture": "#0"},
				"south": {"uv": [7.5, 3.5, 15, 4], "texture": "#0"},
				"west": {"uv": [5, 8, 5.5, 8.5], "texture": "#0"},
				"up": {"uv": [15, 4.5, 7.5, 4], "texture": "#0"},
				"down": {"uv": [15, 4.5, 7.5, 5], "texture": "#0"}
			}
		},
		{
			"from": [15, 4, 8],
			"to": [16, 12, 9],
			"rotation": {"angle": 0, "axis": "y", "origin": [8, 5, 8.5]},
			"faces": {
				"north": {"uv": [0.5, 8, 1, 12], "texture": "#0"},
				"east": {"uv": [1, 8, 1.5, 12], "texture": "#0"},
				"south": {"uv": [1.5, 8, 2, 12], "texture": "#0"},
				"west": {"uv": [2, 8, 2.5, 12], "texture": "#0"},
				"up": {"uv": [3, 8.5, 2.5, 8], "texture": "#0"},
				"down": {"uv": [3.5, 8, 3, 8.5], "texture": "#0"}
			}
		}
	]
}