{
	"credit": "Made with Blockbench",
	"textures": {
		"1": "block/discovery"
	},
	"elements": [
		{
			"from": [7.5, 0.75, 3.25],
			"to": [8.5, 1.75, 4.25],
			"rotation": {"angle": 0, "axis": "y", "origin": [0.5, 0.75, -3.75]},
			"faces": {
				"north": {"uv": [1.375, 6.75, 2.375, 7.75], "texture": "#1"},
				"east": {"uv": [2.625, 6.75, 3.625, 7.75], "texture": "#1"},
				"south": {"uv": [2.625, 6.75, 3.625, 7.75], "texture": "#1"},
				"west": {"uv": [2.625, 6.75, 3.625, 7.75], "texture": "#1"},
				"up": {"uv": [2.625, 6.75, 3.625, 7.75], "texture": "#1"},
				"down": {"uv": [2.625, 6.75, 3.625, 7.75], "texture": "#1"}
			}
		},
		{
			"from": [7.75, 1.75, 3.5],
			"to": [8.25, 1.95, 4],
			"rotation": {"angle": 0, "axis": "y", "origin": [0.5, 0.75, -3.75]},
			"faces": {
				"north": {"uv": [0.625, 6.75, 1.125, 7.25], "texture": "#1"},
				"east": {"uv": [0.625, 6.75, 1.125, 7.25], "texture": "#1"},
				"south": {"uv": [0.625, 6.75, 1.125, 7.25], "texture": "#1"},
				"west": {"uv": [0.625, 6.75, 1.125, 7.25], "texture": "#1"},
				"up": {"uv": [0, 6.75, 0.5, 7.25], "texture": "#1"},
				"down": {"uv": [0.625, 6.75, 1.125, 7.25], "texture": "#1"}
			}
		},
		{
			"from": [7.4, 0.77, 4.5],
			"to": [8.6, 1.48, 5.5],
			"rotation": {"angle": 0, "axis": "y", "origin": [0.5, 0.75, -3.75]},
			"faces": {
				"north": {"uv": [3.5, 3.5, 4.7, 4.25], "texture": "#1"},
				"east": {"uv": [3.625, 3.5, 4.625, 4.25], "texture": "#1"},
				"south": {"uv": [3.5, 3.5, 4.7, 4.25], "texture": "#1"},
				"west": {"uv": [3.5, 3.5, 4.5, 4.25], "texture": "#1"},
				"up": {"uv": [6.25, 3.5, 7.45, 4.5], "texture": "#1"},
				"down": {"uv": [6.25, 3.5, 7.45, 4.5], "texture": "#1"}
			}
		},
		{
			"from": [6.25, 0.75, 4.15],
			"to": [7.25, 1.5, 5.75],
			"rotation": {"angle": 45, "axis": "y", "origin": [6.5, 0.75, 4.25]},
			"faces": {
				"north": {"uv": [4, 5.375, 5, 6.125], "texture": "#1"},
				"east": {"uv": [3.5, 5.375, 5.1, 6.125], "texture": "#1"},
				"south": {"uv": [3.75, 5.375, 4.75, 6.125], "texture": "#1"},
				"west": {"uv": [3.5, 5.375, 5.1, 6.125], "texture": "#1"},
				"up": {"uv": [8.5, 5.375, 7.5, 6.975], "texture": "#1"},
				"down": {"uv": [7.5, 5.375, 8.5, 6.975], "texture": "#1"}
			}
		},
		{
			"from": [6.25, 0.77, 3.15],
			"to": [7.25, 1.48, 4.35],
			"rotation": {"angle": 0, "axis": "y", "origin": [0.5, 0.75, -3.75]},
			"faces": {
				"north": {"uv": [3.625, 3.5, 4.625, 4.25], "texture": "#1"},
				"east": {"uv": [3.5, 3.5, 4.7, 4.25], "texture": "#1"},
				"south": {"uv": [3.625, 3.5, 4.625, 4.25], "texture": "#1"},
				"west": {"uv": [3.5, 3.5, 4.7, 4.25], "texture": "#1"},
				"up": {"uv": [6, 3.5, 5, 4.825], "texture": "#1"},
				"down": {"uv": [5, 3.5, 6, 4.7], "texture": "#1"}
			}
		},
		{
			"from": [8.75, 0.77, 3.15],
			"to": [9.75, 1.48, 4.35],
			"rotation": {"angle": 0, "axis": "y", "origin": [0.5, 0.75, -3.75]},
			"faces": {
				"north": {"uv": [3.5, 3.5, 4.5, 4.25], "texture": "#1"},
				"east": {"uv": [3.5, 3.5, 4.7, 4.25], "texture": "#1"},
				"south": {"uv": [3.625, 3.5, 4.625, 4.25], "texture": "#1"},
				"west": {"uv": [3.5, 3.5, 4.7, 4.25], "texture": "#1"},
				"up": {"uv": [5, 3.5, 6, 4.7], "texture": "#1"},
				"down": {"uv": [5, 3.5, 6, 4.7], "texture": "#1"}
			}
		},
		{
			"from": [8.4, 0.76, 4.5],
			"to": [10, 1.49, 5.5],
			"rotation": {"angle": 45, "axis": "y", "origin": [8.5, 0.75, 5.25]},
			"faces": {
				"north": {"uv": [3.5, 5.375, 5.1, 6.125], "texture": "#1"},
				"east": {"uv": [3.5, 5.375, 4.5, 6.125], "texture": "#1"},
				"south": {"uv": [3.5, 5.375, 5.1, 6.125], "texture": "#1"},
				"west": {"uv": [3.875, 5.375, 4.875, 6.125], "texture": "#1"},
				"up": {"uv": [5.5, 5.375, 7.1, 6.375], "texture": "#1"},
				"down": {"uv": [5.5, 5.375, 7.1, 6.375], "texture": "#1"}
			}
		},
		{
			"from": [6.4, 0.76, 3],
			"to": [8, 1.49, 4],
			"rotation": {"angle": 45, "axis": "y", "origin": [6.5, 0.75, 3.25]},
			"faces": {
				"north": {"uv": [3.5, 5.375, 5.1, 6.125], "texture": "#1"},
				"east": {"uv": [3.625, 5.375, 4.625, 6.125], "texture": "#1"},
				"south": {"uv": [3.5, 5.375, 5.1, 6.125], "texture": "#1"},
				"west": {"uv": [3.75, 5.375, 4.75, 6.125], "texture": "#1"},
				"up": {"uv": [5.5, 6.375, 7.1, 5.375], "texture": "#1"},
				"down": {"uv": [5.5, 5.375, 7.1, 6.375], "texture": "#1"}
			}
		},
		{
			"from": [7.4, 0.77, 2],
			"to": [8.6, 1.48, 3],
			"rotation": {"angle": 0, "axis": "y", "origin": [0.5, 0.75, -3.75]},
			"faces": {
				"north": {"uv": [3.5, 3.5, 4.7, 4.25], "texture": "#1"},
				"east": {"uv": [3.5, 3.5, 4.5, 4.25], "texture": "#1"},
				"south": {"uv": [3.5, 3.5, 4.7, 4.25], "texture": "#1"},
				"west": {"uv": [3.5, 3.5, 4.5, 4.25], "texture": "#1"},
				"up": {"uv": [6.25, 3.5, 7.45, 4.5], "texture": "#1"},
				"down": {"uv": [6.25, 3.5, 7.45, 4.5], "texture": "#1"}
			}
		},
		{
			"from": [7.75, 0.75, 2.15],
			"to": [8.75, 1.5, 3.75],
			"rotation": {"angle": 45, "axis": "y", "origin": [8.5, 0.75, 2.25]},
			"faces": {
				"north": {"uv": [3.75, 5.375, 4.75, 6.125], "texture": "#1"},
				"east": {"uv": [3.5, 5.375, 5.1, 6.125], "texture": "#1"},
				"south": {"uv": [3.875, 5.375, 4.875, 6.125], "texture": "#1"},
				"west": {"uv": [3.5, 5.375, 5.1, 6.125], "texture": "#1"},
				"up": {"uv": [7.5, 5.375, 8.5, 6.975], "texture": "#1"},
				"down": {"uv": [7.5, 5.375, 8.5, 6.975], "texture": "#1"}
			}
		},
		{
			"from": [6.8, 0.75, 5.75],
			"to": [9.2, 1.35, 7],
			"rotation": {"angle": 0, "axis": "y", "origin": [0.5, 0.75, -3.75]},
			"faces": {
				"north": {"uv": [9.125, 3.5, 11.525, 4.1], "texture": "#1"},
				"east": {"uv": [9.25, 3.5, 10.5, 4.1], "texture": "#1"},
				"south": {"uv": [9.125, 3.5, 11.525, 4.1], "texture": "#1"},
				"west": {"uv": [9.125, 3.5, 10.375, 4.1], "texture": "#1"},
				"up": {"uv": [9.125, 4.5, 11.525, 5.75], "texture": "#1"},
				"down": {"uv": [9.125, 4.5, 11.525, 5.75], "texture": "#1"}
			}
		},
		{
			"from": [4.75, 0.76, 3.5],
			"to": [6, 1.34, 6.4],
			"rotation": {"angle": 45, "axis": "y", "origin": [6.5, 0.75, 4.25]},
			"faces": {
				"north": {"uv": [13.625, 6.5, 14.875, 7.08], "texture": "#1"},
				"east": {"uv": [12.5, 6.5, 15.4, 7.08], "texture": "#1"},
				"south": {"uv": [12.75, 6.5, 14, 7.08], "texture": "#1"},
				"west": {"uv": [12.5, 6.5, 15.4, 7.08], "texture": "#1"},
				"up": {"uv": [13.875, 3.125, 15.125, 6.025], "texture": "#1"},
				"down": {"uv": [13.875, 3.125, 15.125, 6.025], "texture": "#1"}
			}
		},
		{
			"from": [4.75, 0.75, 2.55],
			"to": [6, 1.35, 4.95],
			"rotation": {"angle": 0, "axis": "y", "origin": [0.5, 0.75, -3.75]},
			"faces": {
				"north": {"uv": [10.25, 3.5, 11.5, 4.1], "texture": "#1"},
				"east": {"uv": [9.125, 3.5, 11.525, 4.1], "texture": "#1"},
				"south": {"uv": [9.75, 3.5, 11, 4.1], "texture": "#1"},
				"west": {"uv": [9.125, 3.5, 11.525, 4.1], "texture": "#1"},
				"up": {"uv": [12.125, 3.5, 13.375, 5.9], "texture": "#1"},
				"down": {"uv": [12.125, 3.5, 13.375, 5.9], "texture": "#1"}
			}
		},
		{
			"from": [10, 0.75, 2.55],
			"to": [11.25, 1.35, 4.95],
			"rotation": {"angle": 0, "axis": "y", "origin": [0.5, 0.75, -3.75]},
			"faces": {
				"north": {"uv": [9.875, 3.5, 11.125, 4.1], "texture": "#1"},
				"east": {"uv": [9.125, 3.5, 11.525, 4.1], "texture": "#1"},
				"south": {"uv": [9.125, 3.5, 10.375, 4.1], "texture": "#1"},
				"west": {"uv": [9.125, 3.5, 11.525, 4.1], "texture": "#1"},
				"up": {"uv": [12.125, 3.5, 13.375, 5.9], "texture": "#1"},
				"down": {"uv": [12.125, 3.5, 13.375, 5.9], "texture": "#1"}
			}
		},
		{
			"from": [7.75, 0.76, 5.75],
			"to": [10.65, 1.34, 7],
			"rotation": {"angle": 45, "axis": "y", "origin": [8.5, 0.75, 5.25]},
			"faces": {
				"north": {"uv": [12.5, 6.5, 15.4, 7.08], "texture": "#1"},
				"east": {"uv": [14, 6.5, 15.25, 7.08], "texture": "#1"},
				"south": {"uv": [12.5, 6.5, 15.4, 7.08], "texture": "#1"},
				"west": {"uv": [13.25, 6.5, 14.5, 7.08], "texture": "#1"},
				"up": {"uv": [9.125, 6.5, 12.025, 7.75], "texture": "#1"},
				"down": {"uv": [9.1, 6.5, 12, 7.75], "texture": "#1"}
			}
		},
		{
			"from": [5.75, 0.76, 1.5],
			"to": [8.65, 1.34, 2.75],
			"rotation": {"angle": 45, "axis": "y", "origin": [6.5, 0.75, 3.25]},
			"faces": {
				"north": {"uv": [12.5, 6.5, 15.4, 7.08], "texture": "#1"},
				"east": {"uv": [13.5, 6.5, 14.75, 7.08], "texture": "#1"},
				"south": {"uv": [12.5, 6.5, 15.4, 7.08], "texture": "#1"},
				"west": {"uv": [12.375, 6.5, 13.625, 7.08], "texture": "#1"},
				"up": {"uv": [9.125, 6.5, 12.025, 7.75], "texture": "#1"},
				"down": {"uv": [9.125, 6.5, 12.025, 7.75], "texture": "#1"}
			}
		},
		{
			"from": [6.8, 0.75, 0.5],
			"to": [9.2, 1.35, 1.75],
			"rotation": {"angle": 0, "axis": "y", "origin": [0.5, 0.75, -3.75]},
			"faces": {
				"north": {"uv": [9.125, 3.5, 11.525, 4.1], "texture": "#1"},
				"east": {"uv": [10.125, 3.5, 11.375, 4.1], "texture": "#1"},
				"south": {"uv": [9.25, 3.5, 11.65, 4.1], "texture": "#1"},
				"west": {"uv": [9.25, 3.5, 10.5, 4.1], "texture": "#1"},
				"up": {"uv": [9.125, 4.5, 11.525, 5.75], "texture": "#1"},
				"down": {"uv": [9.125, 4.5, 11.525, 5.75], "texture": "#1"}
			}
		},
		{
			"from": [9, 0.76, 1.5],
			"to": [10.25, 1.34, 4.4],
			"rotation": {"angle": 45, "axis": "y", "origin": [8.5, 0.75, 2.25]},
			"faces": {
				"north": {"uv": [12.875, 6.5, 14.125, 7.08], "texture": "#1"},
				"east": {"uv": [12.625, 6.5, 15.525, 7.08], "texture": "#1"},
				"south": {"uv": [13.5, 6.5, 14.75, 7.08], "texture": "#1"},
				"west": {"uv": [12.5, 6.5, 15.4, 7.08], "texture": "#1"},
				"up": {"uv": [13.875, 3.125, 15.125, 6.025], "texture": "#1"},
				"down": {"uv": [13.875, 3.125, 15.125, 6.025], "texture": "#1"}
			}
		},
		{
			"name": "connection",
			"from": [9.5, 1, 3.5],
			"to": [10, 1.3, 4],
			"rotation": {"angle": 0, "axis": "y", "origin": [0.5, 0.75, -3.75]},
			"faces": {
				"north": {"uv": [4, 7.5, 4.5, 7.8], "texture": "#1"},
				"east": {"uv": [4, 7.5, 4.5, 7.8], "texture": "#1"},
				"south": {"uv": [4, 7.5, 4.5, 7.8], "texture": "#1"},
				"west": {"uv": [4, 7.5, 4.5, 7.8], "texture": "#1"},
				"up": {"uv": [4, 6.75, 4.5, 7.25], "texture": "#1"},
				"down": {"uv": [4, 6.75, 4.5, 7.25], "texture": "#1"}
			}
		},
		{
			"name": "connection",
			"from": [5.75, 1, 3.5],
			"to": [6.25, 1.3, 4],
			"rotation": {"angle": 0, "axis": "y", "origin": [0.5, 0.75, -3.75]},
			"faces": {
				"north": {"uv": [4, 7.5, 4.5, 7.8], "texture": "#1"},
				"east": {"uv": [4, 7.5, 4.5, 7.8], "texture": "#1"},
				"south": {"uv": [4, 7.5, 4.5, 7.8], "texture": "#1"},
				"west": {"uv": [4, 7.5, 4.5, 7.8], "texture": "#1"},
				"up": {"uv": [4, 6.75, 4.5, 7.25], "texture": "#1"},
				"down": {"uv": [4, 6.75, 4.5, 7.25], "texture": "#1"}
			}
		},
		{
			"name": "connection",
			"from": [7.75, 1, 1.5],
			"to": [8.25, 1.3, 2],
			"rotation": {"angle": 0, "axis": "y", "origin": [0.5, 0.75, -3.75]},
			"faces": {
				"north": {"uv": [4, 7.5, 4.5, 7.8], "texture": "#1"},
				"east": {"uv": [4, 7.5, 4.5, 7.8], "texture": "#1"},
				"south": {"uv": [4, 7.5, 4.5, 7.8], "texture": "#1"},
				"west": {"uv": [4, 7.5, 4.5, 7.8], "texture": "#1"},
				"up": {"uv": [4, 6.75, 4.5, 7.25], "texture": "#1"},
				"down": {"uv": [4, 6.75, 4.5, 7.25], "texture": "#1"}
			}
		},
		{
			"name": "connection",
			"from": [7.65, 1.5, 4.25],
			"to": [8.35, 1.8, 6],
			"rotation": {"angle": 0, "axis": "y", "origin": [0.5, 0.75, -1.75]},
			"faces": {
				"north": {"uv": [0, 5.375, 0.7, 5.675], "texture": "#1"},
				"east": {"uv": [4, 2.375, 5.75, 2.675], "texture": "#1"},
				"south": {"uv": [0, 5.375, 0.7, 5.675], "texture": "#1"},
				"west": {"uv": [4, 2.375, 5.75, 2.675], "texture": "#1"},
				"up": {"uv": [0, 6.625, 0.7, 4.375], "texture": "#1"},
				"down": {"uv": [0, 3.5, 0.7, 5.25], "texture": "#1"}
			}
		},
		{
			"name": "connection",
			"from": [7.67, 1.08, 5.99],
			"to": [8.33, 1.58, 8.19],
			"rotation": {"angle": 22.5, "axis": "x", "origin": [7.65, 1.65, 6.55]},
			"faces": {
				"north": {"uv": [0.875, 4.25, 1.535, 4.75], "texture": "#1"},
				"east": {"uv": [0.875, 3.5, 3.075, 4], "texture": "#1"},
				"south": {"uv": [0.875, 4.25, 1.535, 4.75], "texture": "#1"},
				"west": {"uv": [0.875, 3.5, 3.075, 4], "texture": "#1"},
				"up": {"uv": [0, 3.5, 0.66, 5.7], "texture": "#1"},
				"down": {"uv": [0, 3.5, 0.66, 5.7], "texture": "#1"}
			}
		},
		{
			"name": "connection",
			"from": [7.8, 1.75, 4],
			"to": [8.2, 1.95, 4.5],
			"rotation": {"angle": 0, "axis": "y", "origin": [0.5, 0.75, -1.75]},
			"faces": {
				"north": {"uv": [0, 3.5, 0.6, 3.7], "texture": "#1"},
				"east": {"uv": [0, 3.75, 0.5, 3.95], "texture": "#1"},
				"south": {"uv": [1.5, 3.5, 2.1, 3.7], "texture": "#1"},
				"west": {"uv": [1.375, 3.5, 1.875, 3.7], "texture": "#1"},
				"up": {"uv": [0.875, 5, 1.475, 5.5], "texture": "#1"},
				"down": {"uv": [0.875, 5, 1.475, 5.5], "texture": "#1"}
			}
		},
		{
			"name": "connection",
			"from": [7.66, 1, 5.5],
			"to": [8.34, 1.55, 6.5],
			"rotation": {"angle": 0, "axis": "y", "origin": [0.5, 0.75, -3.75]},
			"faces": {
				"north": {"uv": [4.25, 5.5, 4.93, 6.05], "texture": "#1"},
				"east": {"uv": [3.75, 5.5, 4.75, 6.05], "texture": "#1"},
				"south": {"uv": [3.5, 5.5, 4.18, 6.05], "texture": "#1"},
				"west": {"uv": [3.75, 5.5, 4.75, 6.05], "texture": "#1"},
				"up": {"uv": [2.875, 6.75, 3.555, 7.75], "texture": "#1"},
				"down": {"uv": [2.75, 6.75, 3.43, 7.75], "texture": "#1"}
			}
		},
		{
			"name": "connection",
			"from": [7.65, 0.65, 7.49],
			"to": [8.35, 0.95, 10.24],
			"rotation": {"angle": 0, "axis": "y", "origin": [0.5, 1, -1.5]},
			"faces": {
				"north": {"uv": [10.375, 0, 11.075, 0.3], "texture": "#1"},
				"east": {"uv": [10.375, 0.5, 13.125, 0.8], "texture": "#1"},
				"south": {"uv": [10.375, 0, 11.075, 0.3], "texture": "#1"},
				"west": {"uv": [10.375, 0.5, 13.125, 0.8], "texture": "#1"},
				"up": {"uv": [9.40625, 0, 10.10625, 2.75], "texture": "#1"},
				"down": {"uv": [9.40625, 0, 10.10625, 2.75], "texture": "#1"}
			}
		},
		{
			"from": [6.75, 0.3, 7.75],
			"to": [9.25, 0.8, 11],
			"rotation": {"angle": 0, "axis": "y", "origin": [0.5, 0.25, 0.25]},
			"faces": {
				"north": {"uv": [4, 2.25, 6.5, 2.75], "texture": "#1"},
				"east": {"uv": [4, 1.5, 7.25, 2], "texture": "#1"},
				"south": {"uv": [4, 2.25, 6.5, 2.75], "texture": "#1"},
				"west": {"uv": [4, 1.5, 7.25, 2], "texture": "#1"},
				"up": {"uv": [2.5, 3.25, 0, 0], "texture": "#1"},
				"down": {"uv": [2.5, 0, 0, 3.25], "texture": "#1"}
			}
		},
		{
			"from": [3.75, 0.32, 9.25],
			"to": [5.25, 0.78, 10.25],
			"rotation": {"angle": 22.5, "axis": "y", "origin": [8, 0.25, 5.75]},
			"faces": {
				"north": {"uv": [7.5, 2.5, 9, 3], "texture": "#1"},
				"east": {"uv": [5.25, 0.75, 6.25, 1.25], "texture": "#1"},
				"south": {"uv": [7.5, 2.5, 9, 3], "texture": "#1"},
				"west": {"uv": [5.25, 0.75, 6.25, 1.25], "texture": "#1"},
				"up": {"uv": [9, 2.25, 7.5, 1.25], "texture": "#1"},
				"down": {"uv": [9, 1.25, 7.5, 2.25], "texture": "#1"}
			}
		},
		{
			"from": [2.75, 0.33, 9.25],
			"to": [3.75, 0.77, 10.25],
			"rotation": {"angle": 22.5, "axis": "y", "origin": [8, 0.25, 5.75]},
			"faces": {
				"north": {"uv": [4, 0.75, 5, 1.25], "texture": "#1"},
				"east": {"uv": [4, 0.75, 5, 1.25], "texture": "#1"},
				"south": {"uv": [4, 0.75, 5, 1.25], "texture": "#1"},
				"west": {"uv": [4, 0.75, 5, 1.25], "texture": "#1"},
				"up": {"uv": [8.5, 1, 7.5, 0], "texture": "#1"},
				"down": {"uv": [8.5, 0, 7.5, 1], "texture": "#1"}
			}
		},
		{
			"from": [9.2, 0.31, 8.75],
			"to": [10.2, 0.79, 11.9],
			"rotation": {"angle": -45, "axis": "y", "origin": [8, 0.25, 5.75]},
			"faces": {
				"north": {"uv": [5.25, 0.75, 6.25, 1.25], "texture": "#1"},
				"east": {"uv": [4, 0, 7.125, 0.5], "texture": "#1"},
				"south": {"uv": [5.25, 0.75, 6.25, 1.25], "texture": "#1"},
				"west": {"uv": [4, 0, 7.125, 0.5], "texture": "#1"},
				"up": {"uv": [3.75, 3.125, 2.75, 0], "texture": "#1"},
				"down": {"uv": [3.75, 0, 2.75, 3.125], "texture": "#1"}
			}
		},
		{
			"from": [10.75, 0.32, 9.25],
			"to": [12.25, 0.78, 10.25],
			"rotation": {"angle": -22.5, "axis": "y", "origin": [8, 0.25, 5.75]},
			"faces": {
				"north": {"uv": [7.5, 2.5, 9, 3], "texture": "#1"},
				"east": {"uv": [5.25, 0.75, 6.25, 1.25], "texture": "#1"},
				"south": {"uv": [7.5, 2.5, 9, 3], "texture": "#1"},
				"west": {"uv": [5.25, 0.75, 6.25, 1.25], "texture": "#1"},
				"up": {"uv": [7.5, 2.25, 9, 1.25], "texture": "#1"},
				"down": {"uv": [7.5, 1.25, 9, 2.25], "texture": "#1"}
			}
		},
		{
			"from": [12.25, 0.33, 9.25],
			"to": [13.25, 0.77, 10.25],
			"rotation": {"angle": -22.5, "axis": "y", "origin": [8, 0.25, 5.75]},
			"faces": {
				"north": {"uv": [4, 0.75, 5, 1.25], "texture": "#1"},
				"east": {"uv": [4, 0.75, 5, 1.25], "texture": "#1"},
				"south": {"uv": [4, 0.75, 5, 1.25], "texture": "#1"},
				"west": {"uv": [4, 0.75, 5, 1.25], "texture": "#1"},
				"up": {"uv": [8.5, 1, 7.5, 0], "texture": "#1"},
				"down": {"uv": [8.5, 0, 7.5, 1], "texture": "#1"}
			}
		},
		{
			"from": [5.8, 0.31, 8.75],
			"to": [6.8, 0.79, 11.9],
			"rotation": {"angle": 45, "axis": "y", "origin": [8, 0.25, 5.75]},
			"faces": {
				"north": {"uv": [5.25, 0.75, 6.25, 1.25], "texture": "#1"},
				"east": {"uv": [4, 0, 7.125, 0.5], "texture": "#1"},
				"south": {"uv": [5.25, 0.75, 6.25, 1.25], "texture": "#1"},
				"west": {"uv": [4, 0, 7.125, 0.5], "texture": "#1"},
				"up": {"uv": [3.75, 3.125, 2.75, 0], "texture": "#1"},
				"down": {"uv": [3.75, 0, 2.75, 3.125], "texture": "#1"}
			}
		},
		{
			"from": [4.25, 0.25, 9.75],
			"to": [5, 1, 13.25],
			"rotation": {"angle": 0, "axis": "y", "origin": [0.5, 0, 0]},
			"faces": {
				"north": {"uv": [2.125, 9.375, 2.875, 10.125], "texture": "#1"},
				"east": {"uv": [1, 10.5, 4.5, 11.25], "texture": "#1"},
				"south": {"uv": [1.875, 9.375, 1.125, 10.125], "texture": "#1"},
				"west": {"uv": [1, 8.25, 4.5, 9], "texture": "#1"},
				"up": {"uv": [0, 8.25, 0.75, 11.75], "texture": "#1"},
				"down": {"uv": [0, 8.25, 0.75, 11.75], "texture": "#1"}
			}
		},
		{
			"from": [4.4, 0.35, 13],
			"to": [4.9, 0.85, 16],
			"rotation": {"angle": 0, "axis": "y", "origin": [0.5, 0, 0]},
			"faces": {
				"north": {"uv": [1.375, 8.375, 1.875, 8.875], "texture": "#1"},
				"east": {"uv": [1, 10.625, 4, 11.125], "texture": "#1"},
				"south": {"uv": [2.75, 8.5, 3.25, 9], "texture": "#1"},
				"west": {"uv": [1.125, 8.375, 4.125, 8.875], "texture": "#1"},
				"up": {"uv": [0.25, 8.5, 0.75, 11.5], "texture": "#1"},
				"down": {"uv": [0, 8.25, 0.5, 11.25], "texture": "#1"}
			}
		},
		{
			"from": [10.9, 0.35, 13],
			"to": [11.4, 0.85, 16],
			"rotation": {"angle": 0, "axis": "y", "origin": [0.5, 0, 0]},
			"faces": {
				"north": {"uv": [3.75, 8.375, 4.25, 8.875], "texture": "#1"},
				"east": {"uv": [1.125, 8.375, 4.125, 8.875], "texture": "#1"},
				"south": {"uv": [2.375, 8.375, 2.875, 8.875], "texture": "#1"},
				"west": {"uv": [1, 10.625, 4, 11.125], "texture": "#1"},
				"up": {"uv": [0.25, 8.5, 0.75, 11.5], "texture": "#1"},
				"down": {"uv": [0, 8.25, 0.5, 11.25], "texture": "#1"}
			}
		},
		{
			"from": [10.75, 0.25, 9.75],
			"to": [11.5, 1, 13.25],
			"rotation": {"angle": 0, "axis": "y", "origin": [0.5, 0, 0]},
			"faces": {
				"north": {"uv": [2.125, 9.375, 2.875, 10.125], "texture": "#1"},
				"east": {"uv": [1, 8.25, 4.5, 9], "texture": "#1"},
				"south": {"uv": [1.125, 9.375, 1.875, 10.125], "texture": "#1"},
				"west": {"uv": [4.5, 10.5, 1.125, 11.25], "texture": "#1"},
				"up": {"uv": [0, 8.25, 0.75, 11.75], "texture": "#1"},
				"down": {"uv": [0, 8.25, 0.75, 11.75], "texture": "#1"}
			}
		}
	],
	"display": {
		"ground": {
			"translation": [0, 6, 0.5]
		},
		"gui": {
			"rotation": [89, 0, 0]
		},
		"fixed": {
			"rotation": [-90, 0, 0],
			"translation": [0, 0, -13]
		}
	},
	"groups": [
		{
			"name": "Bridge",
			"origin": [0, 0, -2],
			"color": 0,
			"children": [0, 1]
		},
		{
			"name": "Inner Ring",
			"origin": [0, 0, 0],
			"color": 0,
			"children": [2, 3, 4, 5, 6, 7, 8, 9]
		},
		{
			"name": "Outer Ring",
			"origin": [0, 0, 0],
			"color": 0,
			"children": [10, 11, 12, 13, 14, 15, 16, 17, 18, 19, 20, 21, 22, 23, 24]
		},
		{
			"name": "Back",
			"origin": [8, 8, 8],
			"color": 0,
			"children": [25, 26, 27, 28, 29, 30, 31, 32]
		},
		{
			"name": "Warp",
			"origin": [0, 0.75, -3.75],
			"color": 0,
			"children": [33, 34, 35, 36]
		}
	]
}