{
	"credit": "Made with Blockbench",
	"texture_size": [64, 64],
	"textures": {
		"0": "block/enterprise",
		"particle": "block/enterprise"
	},
	"elements": [
		{
			"from": [6.98536, 0, 5.61537],
			"to": [8.98536, 2, 7.61537],
			"rotation": {"angle": 0, "axis": "y", "origin": [-0.01464, 0, 16.61537]},
			"faces": {
				"north": {"uv": [2, 5.75, 2.5, 6.25], "texture": "#0"},
				"east": {"uv": [2.5, 5.75, 3, 6.25], "texture": "#0"},
				"south": {"uv": [3, 5.75, 3.5, 6.25], "texture": "#0"},
				"west": {"uv": [1.5, 5.75, 2, 6.25], "texture": "#0"},
				"up": {"uv": [4, 6.25, 3.5, 5.75], "rotation": 270, "texture": "#0"},
				"down": {"uv": [4.5, 5.75, 4, 6.25], "rotation": 90, "texture": "#0"}
			}
		},
		{
			"from": [7.18536, 0.2, 4.61537],
			"to": [8.78536, 1.8, 5.61537],
			"rotation": {"angle": 0, "axis": "y", "origin": [-0.01464, 0, 16.61537]},
			"faces": {
				"north": {"uv": [6.75, 0, 7.125, 0.375], "texture": "#0"},
				"east": {"uv": [2.25, 7.25, 2.5, 7.625], "texture": "#0"},
				"south": {"uv": [0.5, 6.75, 0.875, 7.125], "texture": "#0"},
				"west": {"uv": [2, 7.25, 2.25, 7.625], "texture": "#0"},
				"up": {"uv": [2.75, 7.625, 2.5, 7.25], "rotation": 270, "texture": "#0"},
				"down": {"uv": [3, 7.25, 2.75, 7.625], "rotation": 90, "texture": "#0"}
			}
		},
		{
			"from": [7.38536, 0.4, 4.01537],
			"to": [8.58536, 1.6, 4.41537],
			"rotation": {"angle": 0, "axis": "y", "origin": [-0.01464, 0, 16.61537]},
			"faces": {
				"north": {"uv": [4, 7.25, 4.25, 7.5], "texture": "#0"},
				"east": {"uv": [8, 2.5, 8.125, 2.75], "texture": "#0"},
				"south": {"uv": [4.25, 7.25, 4.5, 7.5], "texture": "#0"},
				"west": {"uv": [2.5, 8, 2.625, 8.25], "texture": "#0"},
				"up": {"uv": [2.875, 8.25, 2.75, 8], "rotation": 270, "texture": "#0"},
				"down": {"uv": [8.125, 2.75, 8, 3], "rotation": 90, "texture": "#0"}
			}
		},
		{
			"from": [7.88536, 0.9, 3.06537],
			"to": [8.08536, 1.1, 4.66537],
			"rotation": {"angle": 0, "axis": "y", "origin": [-0.01464, 0, 16.61537]},
			"faces": {
				"north": {"uv": [8.25, 3.25, 8.375, 3.375], "texture": "#0"},
				"east": {"uv": [8, 1.5, 8.375, 1.625], "texture": "#0"},
				"south": {"uv": [3.5, 8.25, 3.625, 8.375], "texture": "#0"},
				"west": {"uv": [1.5, 8, 1.875, 8.125], "texture": "#0"},
				"up": {"uv": [8.375, 1.875, 8, 1.75], "rotation": 270, "texture": "#0"},
				"down": {"uv": [2.375, 8, 2, 8.125], "rotation": 90, "texture": "#0"}
			}
		},
		{
			"from": [7.78536, 0.8, 2.96537],
			"to": [8.18536, 1.2, 3.16537],
			"rotation": {"angle": 0, "axis": "y", "origin": [-0.01464, 0, 16.61537]},
			"faces": {
				"north": {"uv": [3.75, 8.25, 3.875, 8.375], "texture": "#0"},
				"east": {"uv": [8.25, 3.75, 8.375, 3.875], "texture": "#0"},
				"south": {"uv": [4, 8.25, 4.125, 8.375], "texture": "#0"},
				"west": {"uv": [8.25, 3.5, 8.375, 3.625], "texture": "#0"},
				"up": {"uv": [8.375, 4.125, 8.25, 4], "rotation": 270, "texture": "#0"},
				"down": {"uv": [4.375, 8.25, 4.25, 8.375], "rotation": 90, "texture": "#0"}
			}
		},
		{
			"from": [6.78536, 0.8, 4.96537],
			"to": [7.18536, 1.2, 7.16537],
			"rotation": {"angle": 0, "axis": "y", "origin": [-0.01464, 0, 16.61537]},
			"faces": {
				"north": {"uv": [8.25, 4.25, 8.375, 4.375], "texture": "#0"},
				"east": {"uv": [5, 7.25, 5.5, 7.375], "texture": "#0"},
				"south": {"uv": [4.5, 8.25, 4.625, 8.375], "texture": "#0"},
				"west": {"uv": [4.5, 7.25, 5, 7.375], "texture": "#0"},
				"up": {"uv": [7.75, 6.375, 7.25, 6.25], "rotation": 270, "texture": "#0"},
				"down": {"uv": [7.25, 7.25, 6.75, 7.375], "rotation": 90, "texture": "#0"}
			}
		},
		{
			"from": [8.78536, 0.8, 4.96537],
			"to": [9.18536, 1.2, 7.16537],
			"rotation": {"angle": 0, "axis": "y", "origin": [-0.01464, 0, 16.61537]},
			"faces": {
				"north": {"uv": [8.25, 4.5, 8.375, 4.625], "texture": "#0"},
				"east": {"uv": [0, 7.5, 0.5, 7.625], "texture": "#0"},
				"south": {"uv": [4.75, 8.25, 4.875, 8.375], "texture": "#0"},
				"west": {"uv": [7.25, 7.25, 7.75, 7.375], "texture": "#0"},
				"up": {"uv": [1, 7.625, 0.5, 7.5], "rotation": 270, "texture": "#0"},
				"down": {"uv": [1.5, 7.5, 1, 7.625], "rotation": 90, "texture": "#0"}
			}
		},
		{
			"from": [7.78536, -0.2, 4.96537],
			"to": [8.18536, 0.2, 7.16537],
			"rotation": {"angle": 0, "axis": "y", "origin": [-0.01464, 0, 16.61537]},
			"faces": {
				"north": {"uv": [8.25, 4.75, 8.375, 4.875], "texture": "#0"},
				"east": {"uv": [7.5, 1.25, 8, 1.375], "texture": "#0"},
				"south": {"uv": [5, 8.25, 5.125, 8.375], "texture": "#0"},
				"west": {"uv": [7.5, 1, 8, 1.125], "texture": "#0"},
				"up": {"uv": [8, 1.625, 7.5, 1.5], "rotation": 270, "texture": "#0"},
				"down": {"uv": [8, 1.75, 7.5, 1.875], "rotation": 90, "texture": "#0"}
			}
		},
		{
			"from": [7.08536, 0.1, 7.61537],
			"to": [8.88536, 1.9, 9.61537],
			"rotation": {"angle": 0, "axis": "y", "origin": [-0.01464, 0, 16.61537]},
			"faces": {
				"north": {"uv": [5, 5.75, 5.5, 6.25], "texture": "#0"},
				"east": {"uv": [5.5, 5.75, 6, 6.25], "texture": "#0"},
				"south": {"uv": [6, 5.75, 6.5, 6.25], "texture": "#0"},
				"west": {"uv": [4.5, 5.75, 5, 6.25], "texture": "#0"},
				"up": {"uv": [0.5, 6.75, 0, 6.25], "rotation": 270, "texture": "#0"},
				"down": {"uv": [1, 6.25, 0.5, 6.75], "rotation": 90, "texture": "#0"}
			}
		},
		{
			"from": [7.18536, 0.2, 9.61537],
			"to": [8.78536, 1.8, 11.61537],
			"rotation": {"angle": 0, "axis": "y", "origin": [-0.01464, 0, 16.61537]},
			"faces": {
				"north": {"uv": [6.5, 5.75, 6.875, 6.125], "texture": "#0"},
				"east": {"uv": [4.25, 6.5, 4.75, 6.875], "texture": "#0"},
				"south": {"uv": [0, 6.75, 0.375, 7.125], "texture": "#0"},
				"west": {"uv": [3.75, 6.5, 4.25, 6.875], "texture": "#0"},
				"up": {"uv": [5.25, 6.875, 4.75, 6.5], "rotation": 270, "texture": "#0"},
				"down": {"uv": [5.75, 6.5, 5.25, 6.875], "rotation": 90, "texture": "#0"}
			}
		},
		{
			"from": [7.28536, 0.6, 11.61537],
			"to": [8.68536, 1.7, 12.61537],
			"rotation": {"angle": 0, "axis": "y", "origin": [-0.01464, 0, 16.61537]},
			"faces": {
				"north": {"uv": [3.25, 6.75, 3.625, 7], "texture": "#0"},
				"east": {"uv": [3.75, 7.25, 4, 7.5], "texture": "#0"},
				"south": {"uv": [1, 7.25, 1.375, 7.5], "texture": "#0"},
				"west": {"uv": [3.5, 7.25, 3.75, 7.5], "texture": "#0"},
				"up": {"uv": [1.75, 7.625, 1.5, 7.25], "rotation": 270, "texture": "#0"},
				"down": {"uv": [2, 7.25, 1.75, 7.625], "rotation": 90, "texture": "#0"}
			}
		},
		{
			"from": [7.98536, 1.5, 9.86537],
			"to": [8.18536, 6.5, 10.86537],
			"rotation": {"angle": -45, "axis": "z", "origin": [7.98536, 1, 10.11537]},
			"faces": {
				"north": {"uv": [5.75, 6.5, 5.875, 7.75], "texture": "#0"},
				"east": {"uv": [1.25, 4.5, 1.5, 5.75], "texture": "#0"},
				"south": {"uv": [6, 6.5, 6.125, 7.75], "texture": "#0"},
				"west": {"uv": [1, 4.5, 1.25, 5.75], "texture": "#0"},
				"up": {"uv": [3.25, 8.125, 3, 8], "rotation": 270, "texture": "#0"},
				"down": {"uv": [8.25, 3, 8, 3.125], "rotation": 90, "texture": "#0"}
			}
		},
		{
			"from": [7.73536, 1.5, 9.86537],
			"to": [7.93536, 6.5, 10.86537],
			"rotation": {"angle": 45, "axis": "z", "origin": [7.98536, 1, 10.11537]},
			"faces": {
				"north": {"uv": [6.25, 6.5, 6.375, 7.75], "texture": "#0"},
				"east": {"uv": [1.75, 4.5, 2, 5.75], "texture": "#0"},
				"south": {"uv": [6.5, 6.5, 6.625, 7.75], "texture": "#0"},
				"west": {"uv": [1.5, 4.5, 1.75, 5.75], "texture": "#0"},
				"up": {"uv": [3.5, 8.125, 3.25, 8], "rotation": 270, "texture": "#0"},
				"down": {"uv": [8.25, 3.25, 8, 3.375], "rotation": 90, "texture": "#0"}
			}
		},
		{
			"from": [7.98536, 3.5, 7.46537],
			"to": [8.18536, 6.1, 8.86537],
			"rotation": {"angle": -45, "axis": "x", "origin": [7.98536, 1, 10.11537]},
			"faces": {
				"north": {"uv": [3, 7.25, 3.125, 7.875], "texture": "#0"},
				"east": {"uv": [1.5, 6.25, 1.875, 6.875], "texture": "#0"},
				"south": {"uv": [3.25, 7.25, 3.375, 7.875], "texture": "#0"},
				"west": {"uv": [1, 6.25, 1.375, 6.875], "texture": "#0"},
				"up": {"uv": [8.375, 2.125, 8, 2], "rotation": 270, "texture": "#0"},
				"down": {"uv": [8.375, 2.25, 8, 2.375], "rotation": 90, "texture": "#0"}
			}
		},
		{
			"from": [7.98536, 6.1, 7.46537],
			"to": [8.18536, 6.7, 8.26537],
			"rotation": {"angle": -45, "axis": "x", "origin": [7.98536, 1, 10.11537]},
			"faces": {
				"north": {"uv": [8.25, 7.5, 8.375, 7.625], "texture": "#0"},
				"east": {"uv": [1.5, 8.25, 1.75, 8.375], "texture": "#0"},
				"south": {"uv": [7.75, 8.25, 7.875, 8.375], "texture": "#0"},
				"west": {"uv": [1.25, 8.25, 1.5, 8.375], "texture": "#0"},
				"up": {"uv": [2, 8.375, 1.75, 8.25], "rotation": 270, "texture": "#0"},
				"down": {"uv": [2.25, 8.25, 2, 8.375], "rotation": 90, "texture": "#0"}
			}
		},
		{
			"from": [7.98536, 6.1, 8.26537],
			"to": [8.18536, 6.7, 8.56537],
			"rotation": {"angle": -45, "axis": "x", "origin": [7.98536, 1, 10.11537]},
			"faces": {
				"north": {"uv": [8, 8.25, 8.125, 8.375], "texture": "#0"},
				"east": {"uv": [8.25, 8, 8.375, 8.125], "texture": "#0"},
				"south": {"uv": [8.25, 8.25, 8.375, 8.375], "texture": "#0"},
				"west": {"uv": [8.25, 7.75, 8.375, 7.875], "texture": "#0"},
				"up": {"uv": [0.125, 8.625, 0, 8.5], "rotation": 270, "texture": "#0"},
				"down": {"uv": [8.625, 0, 8.5, 0.125], "rotation": 90, "texture": "#0"}
			}
		},
		{
			"from": [7.98536, 6.1, 8.56537],
			"to": [8.18536, 6.41, 8.86537],
			"rotation": {"angle": -45, "axis": "x", "origin": [7.98536, 1, 10.11537]},
			"faces": {
				"north": {"uv": [8.5, 1, 8.625, 1.125], "texture": "#0"},
				"east": {"uv": [1.25, 8.5, 1.375, 8.625], "texture": "#0"},
				"south": {"uv": [8.5, 1.25, 8.625, 1.375], "texture": "#0"},
				"west": {"uv": [1, 8.5, 1.125, 8.625], "texture": "#0"},
				"up": {"uv": [1.625, 8.625, 1.5, 8.5], "rotation": 270, "texture": "#0"},
				"down": {"uv": [8.625, 1.5, 8.5, 1.625], "rotation": 90, "texture": "#0"}
			}
		},
		{
			"from": [7.98536, 6.7, 7.46537],
			"to": [8.18536, 7.35, 7.86537],
			"rotation": {"angle": -45, "axis": "x", "origin": [7.98536, 1, 10.11537]},
			"faces": {
				"north": {"uv": [8.5, 0.25, 8.625, 0.375], "texture": "#0"},
				"east": {"uv": [0.5, 8.5, 0.625, 8.625], "texture": "#0"},
				"south": {"uv": [8.5, 0.5, 8.625, 0.625], "texture": "#0"},
				"west": {"uv": [0.25, 8.5, 0.375, 8.625], "texture": "#0"},
				"up": {"uv": [0.875, 8.625, 0.75, 8.5], "rotation": 270, "texture": "#0"},
				"down": {"uv": [8.625, 0.75, 8.5, 0.875], "rotation": 90, "texture": "#0"}
			}
		},
		{
			"from": [7.98536, 7.35, 7.46037],
			"to": [8.18536, 7.55, 7.68537],
			"rotation": {"angle": -45, "axis": "x", "origin": [7.98536, 1, 10.11537]},
			"faces": {
				"north": {"uv": [8.5, 4, 8.625, 4.125], "texture": "#0"},
				"east": {"uv": [4.25, 8.5, 4.375, 8.625], "texture": "#0"},
				"south": {"uv": [8.5, 4.25, 8.625, 4.375], "texture": "#0"},
				"west": {"uv": [4, 8.5, 4.125, 8.625], "texture": "#0"},
				"up": {"uv": [4.625, 8.625, 4.5, 8.5], "rotation": 270, "texture": "#0"},
				"down": {"uv": [8.625, 4.5, 8.5, 4.625], "rotation": 90, "texture": "#0"}
			}
		},
		{
			"from": [7.98536, 6.7, 7.86537],
			"to": [8.18536, 6.95, 8.31537],
			"rotation": {"angle": -45, "axis": "x", "origin": [7.98536, 1, 10.11537]},
			"faces": {
				"north": {"uv": [8.5, 1.75, 8.625, 1.875], "texture": "#0"},
				"east": {"uv": [2, 8.5, 2.125, 8.625], "texture": "#0"},
				"south": {"uv": [8.5, 2, 8.625, 2.125], "texture": "#0"},
				"west": {"uv": [1.75, 8.5, 1.875, 8.625], "texture": "#0"},
				"up": {"uv": [2.375, 8.625, 2.25, 8.5], "rotation": 270, "texture": "#0"},
				"down": {"uv": [8.625, 2.25, 8.5, 2.375], "rotation": 90, "texture": "#0"}
			}
		},
		{
			"from": [7.98536, 6.95, 7.86537],
			"to": [8.18536, 7.2, 8.06537],
			"rotation": {"angle": -45, "axis": "x", "origin": [7.98536, 1, 10.11537]},
			"faces": {
				"north": {"uv": [8.5, 3.25, 8.625, 3.375], "texture": "#0"},
				"east": {"uv": [3.5, 8.5, 3.625, 8.625], "texture": "#0"},
				"south": {"uv": [8.5, 3.5, 8.625, 3.625], "texture": "#0"},
				"west": {"uv": [3.25, 8.5, 3.375, 8.625], "texture": "#0"},
				"up": {"uv": [3.875, 8.625, 3.75, 8.5], "rotation": 270, "texture": "#0"},
				"down": {"uv": [8.625, 3.75, 8.5, 3.875], "rotation": 90, "texture": "#0"}
			}
		},
		{
			"from": [7.98536, 6.7, 7.86537],
			"to": [8.18536, 6.95, 8.31537],
			"rotation": {"angle": -45, "axis": "x", "origin": [7.98536, 1, 10.11537]},
			"faces": {
				"north": {"uv": [8.5, 2.5, 8.625, 2.625], "texture": "#0"},
				"east": {"uv": [2.75, 8.5, 2.875, 8.625], "texture": "#0"},
				"south": {"uv": [8.5, 2.75, 8.625, 2.875], "texture": "#0"},
				"west": {"uv": [2.5, 8.5, 2.625, 8.625], "texture": "#0"},
				"up": {"uv": [3.125, 8.625, 3, 8.5], "rotation": 270, "texture": "#0"},
				"down": {"uv": [8.625, 3, 8.5, 3.125], "rotation": 90, "texture": "#0"}
			}
		},
		{
			"from": [3.78536, 4.1, 8.36537],
			"to": [4.28536, 5.3, 15.36537],
			"rotation": {"angle": -45, "axis": "z", "origin": [3.78536, 4.7, 11.86537]},
			"faces": {
				"north": {"uv": [3.5, 8, 3.625, 8.25], "texture": "#0"},
				"east": {"uv": [4.5, 2.25, 6.25, 2.5], "texture": "#0"},
				"south": {"uv": [8, 3.5, 8.125, 3.75], "texture": "#0"},
				"west": {"uv": [4.5, 2, 6.25, 2.25], "texture": "#0"},
				"up": {"uv": [3.75, 6.375, 2, 6.25], "rotation": 270, "texture": "#0"},
				"down": {"uv": [8, 2, 6.25, 2.125], "rotation": 90, "texture": "#0"}
			}
		},
		{
			"from": [11.53536, 4.15, 7.96537],
			"to": [12.33536, 4.95, 8.36537],
			"rotation": {"angle": 0, "axis": "y", "origin": [11.93536, 4.55, 8.06537]},
			"faces": {
				"north": {"uv": [7, 7.75, 7.25, 8], "texture": "#0"},
				"east": {"uv": [0.5, 8.25, 0.625, 8.5], "texture": "#0"},
				"south": {"uv": [7.75, 7, 8, 7.25], "texture": "#0"},
				"west": {"uv": [0.25, 8.25, 0.375, 8.5], "texture": "#0"},
				"up": {"uv": [0.875, 8.5, 0.75, 8.25], "rotation": 270, "texture": "#0"},
				"down": {"uv": [1.125, 8.25, 1, 8.5], "rotation": 90, "texture": "#0"}
			}
		},
		{
			"from": [12.18536, 5.15, 13.36537],
			"to": [12.38536, 5.75, 15.36537],
			"rotation": {"angle": -45, "axis": "z", "origin": [12.03536, 5.05, 14.36537]},
			"faces": {
				"north": {"uv": [8.25, 7.25, 8.375, 7.375], "texture": "#0"},
				"east": {"uv": [6, 7.75, 6.5, 7.875], "texture": "#0"},
				"south": {"uv": [7.5, 8.25, 7.625, 8.375], "texture": "#0"},
				"west": {"uv": [5.5, 7.75, 6, 7.875], "texture": "#0"},
				"up": {"uv": [8.25, 6.375, 7.75, 6.25], "rotation": 270, "texture": "#0"},
				"down": {"uv": [7, 7.75, 6.5, 7.875], "rotation": 90, "texture": "#0"}
			}
		},
		{
			"from": [11.33536, 4.65, 13.37537],
			"to": [11.83536, 4.85, 15.35537],
			"rotation": {"angle": -45, "axis": "z", "origin": [12.03536, 5.05, 14.36537]},
			"faces": {
				"north": {"uv": [8.25, 7, 8.375, 7.125], "texture": "#0"},
				"east": {"uv": [4, 7.75, 4.5, 7.875], "texture": "#0"},
				"south": {"uv": [7.25, 8.25, 7.375, 8.375], "texture": "#0"},
				"west": {"uv": [3.5, 7.75, 4, 7.875], "texture": "#0"},
				"up": {"uv": [5, 7.875, 4.5, 7.75], "rotation": 270, "texture": "#0"},
				"down": {"uv": [5.5, 7.75, 5, 7.875], "rotation": 90, "texture": "#0"}
			}
		},
		{
			"from": [11.53536, 4.65, 15.31537],
			"to": [12.53536, 5, 16.11537],
			"rotation": {"angle": 0, "axis": "y", "origin": [12.03536, 4.9, 15.86537]},
			"faces": {
				"north": {"uv": [7.75, 8, 8, 8.125], "texture": "#0"},
				"east": {"uv": [8, 8, 8.25, 8.125], "texture": "#0"},
				"south": {"uv": [0, 8.25, 0.25, 8.375], "texture": "#0"},
				"west": {"uv": [8, 7.5, 8.25, 7.625], "texture": "#0"},
				"up": {"uv": [2.75, 8, 2.5, 7.75], "rotation": 270, "texture": "#0"},
				"down": {"uv": [3, 7.75, 2.75, 8], "rotation": 90, "texture": "#0"}
			}
		},
		{
			"from": [11.83536, 4.45, 15.41537],
			"to": [12.23536, 4.8, 15.81537],
			"rotation": {"angle": -22.5, "axis": "x", "origin": [12.03536, 4.9, 15.86537]},
			"faces": {
				"north": {"uv": [6.5, 8.25, 6.625, 8.375], "texture": "#0"},
				"east": {"uv": [8.25, 6.5, 8.375, 6.625], "texture": "#0"},
				"south": {"uv": [6.75, 8.25, 6.875, 8.375], "texture": "#0"},
				"west": {"uv": [8.25, 6.25, 8.375, 6.375], "texture": "#0"},
				"up": {"uv": [8.375, 6.875, 8.25, 6.75], "rotation": 270, "texture": "#0"},
				"down": {"uv": [7.125, 8.25, 7, 8.375], "rotation": 90, "texture": "#0"}
			}
		},
		{
			"from": [11.54536, 4.6, 15.06537],
			"to": [12.52536, 4.95, 15.96537],
			"rotation": {"angle": -22.5, "axis": "x", "origin": [12.03536, 4.9, 15.86537]},
			"faces": {
				"north": {"uv": [7.25, 8, 7.5, 8.125], "texture": "#0"},
				"east": {"uv": [8, 7.25, 8.25, 7.375], "texture": "#0"},
				"south": {"uv": [7.5, 8, 7.75, 8.125], "texture": "#0"},
				"west": {"uv": [8, 7, 8.25, 7.125], "texture": "#0"},
				"up": {"uv": [2.25, 8, 2, 7.75], "rotation": 270, "texture": "#0"},
				"down": {"uv": [2.5, 7.75, 2.25, 8], "rotation": 90, "texture": "#0"}
			}
		},
		{
			"from": [11.72536, 3.925, 8.38537],
			"to": [12.22536, 5.125, 15.34537],
			"rotation": {"angle": 0, "axis": "y", "origin": [11.78536, 4.7, 11.86537]},
			"faces": {
				"north": {"uv": [8, 6.75, 8.125, 7], "texture": "#0"},
				"east": {"uv": [5, 0.75, 6.75, 1], "texture": "#0"},
				"south": {"uv": [7, 8, 7.125, 8.25], "texture": "#0"},
				"west": {"uv": [5, 0.5, 6.75, 0.75], "texture": "#0"},
				"up": {"uv": [7.25, 6.375, 5.5, 6.25], "rotation": 270, "texture": "#0"},
				"down": {"uv": [3.75, 6.5, 2, 6.625], "rotation": 90, "texture": "#0"}
			}
		},
		{
			"from": [11.36536, 4.26, 8.37537],
			"to": [12.56536, 4.76, 15.35537],
			"rotation": {"angle": 0, "axis": "y", "origin": [11.78536, 4.7, 11.86537]},
			"faces": {
				"north": {"uv": [8, 6.5, 8.25, 6.625], "texture": "#0"},
				"east": {"uv": [6.25, 4.75, 8, 4.875], "texture": "#0"},
				"south": {"uv": [6.75, 8, 7, 8.125], "texture": "#0"},
				"west": {"uv": [6.25, 4.5, 8, 4.625], "texture": "#0"},
				"up": {"uv": [6.75, 0.25, 5, 0], "rotation": 270, "texture": "#0"},
				"down": {"uv": [6.75, 0.25, 5, 0.5], "rotation": 90, "texture": "#0"}
			}
		},
		{
			"from": [11.53536, 3.85, 8.33537],
			"to": [12.03536, 5.05, 15.35537],
			"rotation": {"angle": 45, "axis": "z", "origin": [11.78536, 4.7, 11.86537]},
			"faces": {
				"north": {"uv": [6.25, 8, 6.375, 8.25], "texture": "#0"},
				"east": {"uv": [4.5, 4.75, 6.25, 5], "texture": "#0"},
				"south": {"uv": [6.5, 8, 6.625, 8.25], "texture": "#0"},
				"west": {"uv": [4.5, 4.5, 6.25, 4.75], "texture": "#0"},
				"up": {"uv": [8, 4.125, 6.25, 4], "rotation": 270, "texture": "#0"},
				"down": {"uv": [8, 4.25, 6.25, 4.375], "rotation": 90, "texture": "#0"}
			}
		},
		{
			"from": [11.78536, 4.1, 8.36537],
			"to": [12.28536, 5.3, 15.36537],
			"rotation": {"angle": -45, "axis": "z", "origin": [11.78536, 4.7, 11.86537]},
			"faces": {
				"north": {"uv": [6, 8, 6.125, 8.25], "texture": "#0"},
				"east": {"uv": [4.5, 4.25, 6.25, 4.5], "texture": "#0"},
				"south": {"uv": [8, 6, 8.125, 6.25], "texture": "#0"},
				"west": {"uv": [4.5, 4, 6.25, 4.25], "texture": "#0"},
				"up": {"uv": [5.5, 6.375, 3.75, 6.25], "rotation": 270, "texture": "#0"},
				"down": {"uv": [8, 3.75, 6.25, 3.875], "rotation": 90, "texture": "#0"}
			}
		},
		{
			"from": [3.53536, 3.85, 8.33537],
			"to": [4.03536, 5.05, 15.35537],
			"rotation": {"angle": 45, "axis": "z", "origin": [3.78536, 4.7, 11.86537]},
			"faces": {
				"north": {"uv": [4.75, 8, 4.875, 8.25], "texture": "#0"},
				"east": {"uv": [4.5, 2.75, 6.25, 3], "texture": "#0"},
				"south": {"uv": [8, 4.75, 8.125, 5], "texture": "#0"},
				"west": {"uv": [4.5, 2.5, 6.25, 2.75], "texture": "#0"},
				"up": {"uv": [8, 2.375, 6.25, 2.25], "rotation": 270, "texture": "#0"},
				"down": {"uv": [8, 2.5, 6.25, 2.625], "rotation": 90, "texture": "#0"}
			}
		},
		{
			"from": [3.36536, 4.26, 8.37537],
			"to": [4.56536, 4.76, 15.35537],
			"rotation": {"angle": 0, "axis": "y", "origin": [3.78536, 4.7, 11.86537]},
			"faces": {
				"north": {"uv": [5, 8, 5.25, 8.125], "texture": "#0"},
				"east": {"uv": [6.25, 3, 8, 3.125], "texture": "#0"},
				"south": {"uv": [8, 5, 8.25, 5.125], "texture": "#0"},
				"west": {"uv": [6.25, 2.75, 8, 2.875], "texture": "#0"},
				"up": {"uv": [6.25, 3.25, 4.5, 3], "rotation": 270, "texture": "#0"},
				"down": {"uv": [6.25, 3.25, 4.5, 3.5], "rotation": 90, "texture": "#0"}
			}
		},
		{
			"from": [3.72536, 3.925, 8.38537],
			"to": [4.22536, 5.125, 15.34537],
			"rotation": {"angle": 0, "axis": "y", "origin": [3.78536, 4.7, 11.86537]},
			"faces": {
				"north": {"uv": [5.25, 8, 5.375, 8.25], "texture": "#0"},
				"east": {"uv": [4.5, 3.75, 6.25, 4], "texture": "#0"},
				"south": {"uv": [8, 5.25, 8.125, 5.5], "texture": "#0"},
				"west": {"uv": [4.5, 3.5, 6.25, 3.75], "texture": "#0"},
				"up": {"uv": [8, 3.375, 6.25, 3.25], "rotation": 270, "texture": "#0"},
				"down": {"uv": [8, 3.5, 6.25, 3.625], "rotation": 90, "texture": "#0"}
			}
		},
		{
			"from": [3.54536, 4.6, 15.06537],
			"to": [4.52536, 4.95, 15.96537],
			"rotation": {"angle": -22.5, "axis": "x", "origin": [4.03536, 4.9, 15.86537]},
			"faces": {
				"north": {"uv": [8, 3.75, 8.25, 3.875], "texture": "#0"},
				"east": {"uv": [4, 8, 4.25, 8.125], "texture": "#0"},
				"south": {"uv": [8, 4, 8.25, 4.125], "texture": "#0"},
				"west": {"uv": [3.75, 8, 4, 8.125], "texture": "#0"},
				"up": {"uv": [5.75, 7.5, 5.5, 7.25], "rotation": 270, "texture": "#0"},
				"down": {"uv": [5.75, 7.5, 5.5, 7.75], "rotation": 90, "texture": "#0"}
			}
		},
		{
			"from": [3.83536, 4.45, 15.41537],
			"to": [4.23536, 4.8, 15.81537],
			"rotation": {"angle": -22.5, "axis": "x", "origin": [4.03536, 4.9, 15.86537]},
			"faces": {
				"north": {"uv": [5.75, 8.25, 5.875, 8.375], "texture": "#0"},
				"east": {"uv": [8.25, 5.75, 8.375, 5.875], "texture": "#0"},
				"south": {"uv": [6, 8.25, 6.125, 8.375], "texture": "#0"},
				"west": {"uv": [8.25, 5.5, 8.375, 5.625], "texture": "#0"},
				"up": {"uv": [8.375, 6.125, 8.25, 6], "rotation": 270, "texture": "#0"},
				"down": {"uv": [6.375, 8.25, 6.25, 8.375], "rotation": 90, "texture": "#0"}
			}
		},
		{
			"from": [3.53536, 4.65, 15.31537],
			"to": [4.53536, 5, 16.11537],
			"rotation": {"angle": 0, "axis": "y", "origin": [4.03536, 4.9, 15.86537]},
			"faces": {
				"north": {"uv": [8, 4.25, 8.25, 4.375], "texture": "#0"},
				"east": {"uv": [4.5, 8, 4.75, 8.125], "texture": "#0"},
				"south": {"uv": [8, 4.5, 8.25, 4.625], "texture": "#0"},
				"west": {"uv": [4.25, 8, 4.5, 8.125], "texture": "#0"},
				"up": {"uv": [1.25, 8, 1, 7.75], "rotation": 270, "texture": "#0"},
				"down": {"uv": [1.5, 7.75, 1.25, 8], "rotation": 90, "texture": "#0"}
			}
		},
		{
			"from": [3.33536, 4.65, 13.37537],
			"to": [3.83536, 4.85, 15.35537],
			"rotation": {"angle": -45, "axis": "z", "origin": [4.03536, 5.05, 14.36537]},
			"faces": {
				"north": {"uv": [8.25, 5, 8.375, 5.125], "texture": "#0"},
				"east": {"uv": [4, 7.5, 4.5, 7.625], "texture": "#0"},
				"south": {"uv": [5.25, 8.25, 5.375, 8.375], "texture": "#0"},
				"west": {"uv": [3.5, 7.5, 4, 7.625], "texture": "#0"},
				"up": {"uv": [5, 7.625, 4.5, 7.5], "rotation": 270, "texture": "#0"},
				"down": {"uv": [5.5, 7.5, 5, 7.625], "rotation": 90, "texture": "#0"}
			}
		},
		{
			"from": [4.18536, 5.15, 13.36537],
			"to": [4.38536, 5.75, 15.36537],
			"rotation": {"angle": -45, "axis": "z", "origin": [4.03536, 5.05, 14.36537]},
			"faces": {
				"north": {"uv": [8.25, 5.25, 8.375, 5.375], "texture": "#0"},
				"east": {"uv": [7.25, 7.5, 7.75, 7.625], "texture": "#0"},
				"south": {"uv": [5.5, 8.25, 5.625, 8.375], "texture": "#0"},
				"west": {"uv": [6.75, 7.5, 7.25, 7.625], "texture": "#0"},
				"up": {"uv": [0.5, 7.875, 0, 7.75], "rotation": 270, "texture": "#0"},
				"down": {"uv": [1, 7.75, 0.5, 7.875], "rotation": 90, "texture": "#0"}
			}
		},
		{
			"from": [3.53536, 4.15, 7.96537],
			"to": [4.33536, 4.95, 8.36537],
			"rotation": {"angle": 0, "axis": "y", "origin": [3.93536, 4.55, 8.06537]},
			"faces": {
				"north": {"uv": [1.5, 7.75, 1.75, 8], "texture": "#0"},
				"east": {"uv": [8, 5.5, 8.125, 5.75], "texture": "#0"},
				"south": {"uv": [1.75, 7.75, 2, 8], "texture": "#0"},
				"west": {"uv": [5.5, 8, 5.625, 8.25], "texture": "#0"},
				"up": {"uv": [5.875, 8.25, 5.75, 8], "rotation": 270, "texture": "#0"},
				"down": {"uv": [8.125, 5.75, 8, 6], "rotation": 90, "texture": "#0"}
			}
		},
		{
			"from": [7.38536, 3.75, 2.66537],
			"to": [8.78536, 3.95, 5.86537],
			"rotation": {"angle": 0, "axis": "y", "origin": [7.98536, 1, 10.11537]},
			"faces": {
				"north": {"uv": [8, 1, 8.375, 1.125], "texture": "#0"},
				"east": {"uv": [7.25, 0.25, 8, 0.375], "texture": "#0"},
				"south": {"uv": [8, 1.25, 8.375, 1.375], "texture": "#0"},
				"west": {"uv": [7.25, 0, 8, 0.125], "texture": "#0"},
				"up": {"uv": [0.75, 6.125, 0, 5.75], "rotation": 270, "texture": "#0"},
				"down": {"uv": [1.5, 5.75, 0.75, 6.125], "rotation": 90, "texture": "#0"}
			}
		},
		{
			"from": [6.16036, 3.65, -4.43463],
			"to": [10.06036, 4.05, 5.01537],
			"rotation": {"angle": 0, "axis": "y", "origin": [8.08536, 3.85, 0.26537]},
			"faces": {
				"north": {"uv": [7, 5.75, 8, 5.875], "texture": "#0"},
				"east": {"uv": [4.5, 5.25, 6.875, 5.375], "texture": "#0"},
				"south": {"uv": [7, 6, 8, 6.125], "texture": "#0"},
				"west": {"uv": [4.5, 5, 6.875, 5.125], "texture": "#0"},
				"up": {"uv": [4.375, 3, 2, 2], "rotation": 270, "texture": "#0"},
				"down": {"uv": [4.875, 0, 2.5, 1], "rotation": 90, "texture": "#0"}
			}
		},
		{
			"from": [7.58536, 4.15, -0.03463],
			"to": [8.58536, 4.55, 0.96537],
			"rotation": {"angle": 0, "axis": "y", "origin": [8.01036, 2.85, 0.56537]},
			"faces": {
				"north": {"uv": [2.5, 8.25, 2.75, 8.375], "texture": "#0"},
				"east": {"uv": [8.25, 2.5, 8.5, 2.625], "texture": "#0"},
				"south": {"uv": [2.75, 8.25, 3, 8.375], "texture": "#0"},
				"west": {"uv": [2.25, 8.25, 2.5, 8.375], "texture": "#0"},
				"up": {"uv": [7.5, 8, 7.25, 7.75], "rotation": 270, "texture": "#0"},
				"down": {"uv": [8, 7.25, 7.75, 7.5], "rotation": 90, "texture": "#0"}
			}
		},
		{
			"from": [7.51036, 3.15, 0.06537],
			"to": [8.51036, 3.55, 1.06537],
			"rotation": {"angle": 0, "axis": "y", "origin": [8.01036, 2.85, 0.56537]},
			"faces": {
				"north": {"uv": [3, 8.25, 3.25, 8.375], "texture": "#0"},
				"east": {"uv": [8.25, 3, 8.5, 3.125], "texture": "#0"},
				"south": {"uv": [3.25, 8.25, 3.5, 8.375], "texture": "#0"},
				"west": {"uv": [8.25, 2.75, 8.5, 2.875], "texture": "#0"},
				"up": {"uv": [7.75, 8, 7.5, 7.75], "rotation": 270, "texture": "#0"},
				"down": {"uv": [8, 7.5, 7.75, 7.75], "rotation": 90, "texture": "#0"}
			}
		},
		{
			"from": [3.38536, 3.6502, -1.68963],
			"to": [12.83536, 4.0506, 2.21037],
			"rotation": {"angle": -45, "axis": "y", "origin": [8.08536, 3.85, 0.26537]},
			"faces": {
				"north": {"uv": [5, 1.5, 7.375, 1.625], "texture": "#0"},
				"east": {"uv": [7, 5.5, 8, 5.625], "texture": "#0"},
				"south": {"uv": [5, 1.75, 7.375, 1.875], "texture": "#0"},
				"west": {"uv": [7, 5.25, 8, 5.375], "texture": "#0"},
				"up": {"uv": [1, 4.375, 0, 2], "rotation": 270, "texture": "#0"},
				"down": {"uv": [2, 2, 1, 4.375], "rotation": 90, "texture": "#0"}
			}
		},
		{
			"from": [3.38536, 3.6501, -1.68963],
			"to": [12.83536, 4.0503, 2.21037],
			"rotation": {"angle": 0, "axis": "y", "origin": [8.08536, 3.85, 0.26537]},
			"faces": {
				"north": {"uv": [2, 5.5, 4.375, 5.625], "texture": "#0"},
				"east": {"uv": [0, 7.25, 1, 7.375], "texture": "#0"},
				"south": {"uv": [4.5, 5.5, 6.875, 5.625], "texture": "#0"},
				"west": {"uv": [6.75, 7, 7.75, 7.125], "texture": "#0"},
				"up": {"uv": [3, 5.375, 2, 3], "rotation": 270, "texture": "#0"},
				"down": {"uv": [4, 3, 3, 5.375], "rotation": 90, "texture": "#0"}
			}
		},
		{
			"from": [6.18536, 3.6503, -4.45963],
			"to": [10.08536, 4.0509, 4.99037],
			"rotation": {"angle": -45, "axis": "y", "origin": [8.08536, 3.85, 0.26537]},
			"faces": {
				"north": {"uv": [4.75, 7, 5.75, 7.125], "texture": "#0"},
				"east": {"uv": [5, 1.25, 7.375, 1.375], "texture": "#0"},
				"south": {"uv": [7, 5, 8, 5.125], "texture": "#0"},
				"west": {"uv": [5, 1, 7.375, 1.125], "texture": "#0"},
				"up": {"uv": [2.375, 1, 0, 0], "rotation": 270, "texture": "#0"},
				"down": {"uv": [2.375, 1, 0, 2], "rotation": 90, "texture": "#0"}
			}
		},
		{
			"from": [5.88536, 3.9002, -0.65963],
			"to": [10.38536, 4.3006, 1.19037],
			"rotation": {"angle": -45, "axis": "y", "origin": [8.08536, 4.1, 0.26537]},
			"faces": {
				"north": {"uv": [2.25, 7, 3.375, 7.125], "texture": "#0"},
				"east": {"uv": [1, 8, 1.5, 8.125], "texture": "#0"},
				"south": {"uv": [3.5, 7, 4.625, 7.125], "texture": "#0"},
				"west": {"uv": [8, 0.75, 8.5, 0.875], "texture": "#0"},
				"up": {"uv": [0.5, 5.625, 0, 4.5], "rotation": 270, "texture": "#0"},
				"down": {"uv": [1, 4.5, 0.5, 5.625], "rotation": 90, "texture": "#0"}
			}
		},
		{
			"from": [5.88536, 3.9001, -0.55963],
			"to": [10.38536, 4.3003, 1.29037],
			"rotation": {"angle": 0, "axis": "y", "origin": [8.08536, 4.1, 0.26537]},
			"faces": {
				"north": {"uv": [6.75, 6.75, 7.875, 6.875], "texture": "#0"},
				"east": {"uv": [8, 0.5, 8.5, 0.625], "texture": "#0"},
				"south": {"uv": [1, 7, 2.125, 7.125], "texture": "#0"},
				"west": {"uv": [0.5, 8, 1, 8.125], "texture": "#0"},
				"up": {"uv": [4.5, 4.125, 4, 3], "rotation": 270, "texture": "#0"},
				"down": {"uv": [4.5, 4.25, 4, 5.375], "rotation": 90, "texture": "#0"}
			}
		},
		{
			"from": [7.21036, 3.9003, -1.98463],
			"to": [9.06036, 4.3009, 2.51537],
			"rotation": {"angle": -45, "axis": "y", "origin": [8.08536, 4.1, 0.26537]},
			"faces": {
				"north": {"uv": [8, 0, 8.5, 0.125], "texture": "#0"},
				"east": {"uv": [6.75, 6.5, 7.875, 6.625], "texture": "#0"},
				"south": {"uv": [8, 0.25, 8.5, 0.375], "texture": "#0"},
				"west": {"uv": [2, 6.75, 3.125, 6.875], "texture": "#0"},
				"up": {"uv": [4.875, 1.5, 3.75, 1], "rotation": 270, "texture": "#0"},
				"down": {"uv": [4.875, 1.5, 3.75, 2], "rotation": 90, "texture": "#0"}
			}
		},
		{
			"from": [7.21036, 3.9, -1.93463],
			"to": [9.06036, 4.3, 2.56537],
			"rotation": {"angle": 0, "axis": "y", "origin": [8.08536, 4.1, 0.26537]},
			"faces": {
				"north": {"uv": [7.75, 7.75, 8.25, 7.875], "texture": "#0"},
				"east": {"uv": [6.75, 0.75, 7.875, 0.875], "texture": "#0"},
				"south": {"uv": [0, 8, 0.5, 8.125], "texture": "#0"},
				"west": {"uv": [6.75, 0.5, 7.875, 0.625], "texture": "#0"},
				"up": {"uv": [3.625, 1.5, 2.5, 1], "rotation": 270, "texture": "#0"},
				"down": {"uv": [3.625, 1.5, 2.5, 2], "rotation": 90, "texture": "#0"}
			}
		}
	],
	"display": {
		"thirdperson_righthand": {
			"rotation": [0, 86, 0],
			"translation": [0, 4.75, 6.25]
		},
		"thirdperson_lefthand": {
			"rotation": [0, -90, 0]
		},
		"firstperson_righthand": {
			"rotation": [0, 90, 0]
		},
		"firstperson_lefthand": {
			"rotation": [0, -90, 0]
		},
		"ground": {
			"rotation": [0, -90, 0]
		},
		"gui": {
			"rotation": [67, -25, 0],
			"translation": [-1.5, 1.25, -80],
			"scale": [0.8, 0.83, 0.81]
		},
		"head": {
			"rotation": [0, 90, 1],
			"translation": [0, 15, 0]
		},
		"fixed": {
			"rotation": [-65, 56, 0],
			"translation": [-2.75, 4.5, -6]
		}
	},
	"groups": [
		{
			"name": "Base",
			"origin": [8, 8, 8],
			"color": 0,
			"children": [0, 1, 2, 3, 4, 5, 6, 7, 8, 9, 10]
		},
		{
			"name": "Connections",
			"origin": [8, 8, 8],
			"color": 0,
			"children": [11, 12, 13, 14, 15, 16, 17, 18, 19, 20, 21]
		},
		{
			"name": "Back",
			"origin": [8, 8, 8],
			"color": 0,
			"children": [22, 23, 24, 25, 26, 27, 28, 29, 30, 31, 32, 33, 34, 35, 36, 37, 38, 39, 40, 41]
		},
		{
			"name": "Front",
			"origin": [8, 8, 8],
			"color": 0,
			"children": [42, 43, 44, 45, 46, 47, 48, 49, 50, 51, 52]
		}
	]
}